first name,last name,full name
Engy,Abdelrahman,Engy Abdelrahman
Tariq,Zaki,Tariq Zaki
Omar,Khaled,Omar Khaled
Rana,Ali,Rana Ali
Dina,Mahmoud,Dina Mahmoud
Reem,Abdallah,Reem Abdallah
Ahmed,Saad,Ahmed Saad
Nada,Selim,Nada Selim
Reem,Zaki,Reem Zaki
Ibrahim,Hassan,Ibrahim Hassan
Tamer,Nassar,Tamer Nassar
Nada,Tawfik,Nada Tawfik
Sherif,Zaki,Sherif Zaki
Hassan,Reda,Hassan Reda
Dina,Reda,Dina Reda
Fady,Fathy,Fady Fathy
Rania,Ibrahim,Rania Ibrahim
Dina,Mostafa,Dina Mostafa
Sherif,Gaber,Sherif Gaber
Ahmed,Youssef,Ahmed Youssef
Ziad,Abdallah,Ziad Abdallah
Hassan,Ibrahim,Hassan Ibrahim
Tamer,Mostafa,Tamer Mostafa
Tariq,Saad,Tariq Saad
Engy,Mostafa,Engy Mostafa
Ayman,Khaled,Ayman Khaled
Ayman,Ahmed,Ayman Ahmed
Engy,Hassan,Engy Hassan
Ahmed,Gaber,Ahmed Gaber
Ayman,Saad,Ayman Saad
Amr,Ahmed,Amr Ahmed
Nader,Reda,Nader Reda
Fady,Ahmed,Fady Ahmed
Aya,Tawfik,Aya Tawfik
Mohamed,Ali,Mohamed Ali
Dina,Gaber,Dina Gaber
Habiba,Selim,Habiba Selim
Reem,Mahmoud,Reem Mahmoud
Reem,Saad,Reem Saad
Ayman,Ibrahim,Ayman Ibrahim
Farah,Abdelrahman,Farah Abdelrahman
Wael,Abdallah,Wael Abdallah
Aya,Ibrahim,Aya Ibrahim
Engy,Nassar,Engy Nassar
Heba,Mostafa,Heba Mostafa
Hany,Hassan,Hany Hassan
Ibrahim,Hassan,Ibrahim Hassan
Yasmin,Hassan,Yasmin Hassan
Habiba,Gaber,Habiba Gaber
Mohamed,Ahmed,Mohamed Ahmed
Mahmoud,Mostafa,Mahmoud Mostafa
Sherif,Sayed,Sherif Sayed
Youssef,Zaki,Youssef Zaki
Mostafa,Saad,Mostafa Saad
Mahmoud,Fathy,Mahmoud Fathy
Ibrahim,Fathy,Ibrahim Fathy
Youssef,Mahmoud,Youssef Mahmoud
Salma,Gaber,Salma Gaber
Farah,Abdelrahman,Farah Abdelrahman
Sara,Youssef,Sara Youssef
Sherif,Omar,Sherif Omar
Salma,Mostafa,Salma Mostafa
Fatma,Tawfik,Fatma Tawfik
Khaled,Omar,Khaled Omar
Samir,Abdallah,Samir Abdallah
Mariam,Abdelrahman,Mariam Abdelrahman
Dina,Gaber,Dina Gaber
Hany,Ahmed,Hany Ahmed
Ziad,Ibrahim,Ziad Ibrahim
Farah,Khaled,Farah Khaled
Shimaa,Abdallah,Shimaa Abdallah
Tariq,Ali,Tariq Ali
Khaled,Reda,Khaled Reda
Nader,Hassan,Nader Hassan
Fatma,Mostafa,Fatma Mostafa
Mostafa,Ahmed,Mostafa Ahmed
Salma,Tawfik,Salma Tawfik
Fady,Reda,Fady Reda
Yasmin,Tawfik,Yasmin Tawfik
Mahmoud,Khaled,Mahmoud Khaled
Dina,Sayed,Dina Sayed
Heba,Saad,Heba Saad
Tariq,Ali,Tariq Ali
Youssef,Nassar,Youssef Nassar
Nada,Ali,Nada Ali
Ayman,Fathy,Ayman Fathy
Tamer,Saad,Tamer Saad
Ziad,Gaber,Ziad Gaber
Nada,Abdelrahman,Nada Abdelrahman
Laila,Ali,Laila Ali
Nada,Sayed,Nada Sayed
Fady,Saad,Fady Saad
Farah,Zaki,Farah Zaki
Rana,Abdallah,Rana Abdallah
Tariq,Ali,Tariq Ali
Sara,Ibrahim,Sara Ibrahim
Salma,Saad,Salma Saad
Rana,Mostafa,Rana Mostafa
Ibrahim,Ahmed,Ibrahim Ahmed
Shimaa,Mahmoud,Shimaa Mahmoud
Fatma,Saad,Fatma Saad
Wael,Zaki,Wael Zaki
Yasmin,Sayed,Yasmin Sayed
Heba,Ahmed,Heba Ahmed
Yasmin,Ibrahim,Yasmin Ibrahim
Youssef,Saad,Youssef Saad
Nour,Abdallah,Nour Abdallah
Wael,Sayed,Wael Sayed
Aya,Gaber,Aya Gaber
Salma,Mahmoud,Salma Mahmoud
Mariam,Abdallah,Mariam Abdallah
Yasmin,Khaled,Yasmin Khaled
Ibrahim,Ibrahim,Ibrahim Ibrahim
Aya,Hassan,Aya Hassan
Heba,Selim,Heba Selim
Nader,Selim,Nader Selim
Reem,Saad,Reem Saad
Mahmoud,Sayed,Mahmoud Sayed
Amr,Tawfik,Amr Tawfik
Yasmin,Omar,Yasmin Omar
Reem,Gaber,Reem Gaber
Samir,Ibrahim,Samir Ibrahim
Engy,Sayed,Engy Sayed
Mariam,Mahmoud,Mariam Mahmoud
Farah,Abdelrahman,Farah Abdelrahman
Hassan,Nassar,Hassan Nassar
Fady,Ali,Fady Ali
Reem,Saad,Reem Saad
Habiba,Abdallah,Habiba Abdallah
Laila,Ibrahim,Laila Ibrahim
Mostafa,Sayed,Mostafa Sayed
Nour,Nassar,Nour Nassar
Ziad,Reda,Ziad Reda
Nada,Gaber,Nada Gaber
Wael,Mostafa,Wael Mostafa
Mostafa,Youssef,Mostafa Youssef
Sara,Fathy,Sara Fathy
Fady,Zaki,Fady Zaki
Mariam,Ahmed,Mariam Ahmed
Sara,Zaki,Sara Zaki
Mahmoud,Mostafa,Mahmoud Mostafa
Heba,Fathy,Heba Fathy
Rania,Gaber,Rania Gaber
Tariq,Abdelrahman,Tariq Abdelrahman
Menna,Gaber,Menna Gaber
Ziad,Saad,Ziad Saad
Youssef,Selim,Youssef Selim
Hany,Selim,Hany Selim
Fady,Mahmoud,Fady Mahmoud
Ziad,Zaki,Ziad Zaki
Mohamed,Fathy,Mohamed Fathy
Youssef,Zaki,Youssef Zaki
Habiba,Selim,Habiba Selim
Aya,Youssef,Aya Youssef
Youssef,Abdelrahman,Youssef Abdelrahman
Aya,Omar,Aya Omar
Samir,Ahmed,Samir Ahmed
Heba,Abdallah,Heba Abdallah
Mostafa,Sayed,Mostafa Sayed
Sherif,Abdallah,Sherif Abdallah
Sara,Reda,Sara Reda
Khaled,Zaki,Khaled Zaki
Mariam,Ibrahim,Mariam Ibrahim
Mahmoud,Abdelrahman,Mahmoud Abdelrahman
Tamer,Hassan,Tamer Hassan
Salma,Gaber,Salma Gaber
Salma,Tawfik,Salma Tawfik
Menna,Hassan,Menna Hassan
Laila,Nassar,Laila Nassar
Mostafa,Selim,Mostafa Selim
Fady,Mostafa,Fady Mostafa
Shimaa,Mahmoud,Shimaa Mahmoud
Reem,Hassan,Reem Hassan
Khaled,Mostafa,Khaled Mostafa
Ayman,Youssef,Ayman Youssef
Tariq,Ibrahim,Tariq Ibrahim
Ziad,Saad,Ziad Saad
Reem,Zaki,Reem Zaki
Khaled,Reda,Khaled Reda
Wael,Abdelrahman,Wael Abdelrahman
Menna,Mostafa,Menna Mostafa
Salma,Ibrahim,Salma Ibrahim
Nader,Omar,Nader Omar
Menna,Mostafa,Menna Mostafa
Tariq,Fathy,Tariq Fathy
Laila,Saad,Laila Saad
Youssef,Ibrahim,Youssef Ibrahim
Dina,Tawfik,Dina Tawfik
Farah,Ahmed,Farah Ahmed
Youssef,Tawfik,Youssef Tawfik
Laila,Saad,Laila Saad
Hassan,Omar,Hassan Omar
Fady,Youssef,Fady Youssef
Sherif,Abdallah,Sherif Abdallah
Rania,Reda,Rania Reda
Engy,Ali,Engy Ali
Nour,Khaled,Nour Khaled
Aya,Khaled,Aya Khaled
Hassan,Ahmed,Hassan Ahmed
Aya,Ali,Aya Ali
Aya,Abdelrahman,Aya Abdelrahman
Sherif,Ibrahim,Sherif Ibrahim
Amr,Nassar,Amr Nassar
Menna,Reda,Menna Reda
Samir,Nassar,Samir Nassar
Samir,Fathy,Samir Fathy
Mostafa,Khaled,Mostafa Khaled
Habiba,Fathy,Habiba Fathy
Dina,Gaber,Dina Gaber
Wael,Fathy,Wael Fathy
Nada,Khaled,Nada Khaled
Rana,Selim,Rana Selim
Laila,Nassar,Laila Nassar
Ibrahim,Omar,Ibrahim Omar
Wael,Zaki,Wael Zaki
Mostafa,Saad,Mostafa Saad
Hany,Fathy,Hany Fathy
Heba,Sayed,Heba Sayed
Mahmoud,Sayed,Mahmoud Sayed
Wael,Zaki,Wael Zaki
Mostafa,Hassan,Mostafa Hassan
Engy,Tawfik,Engy Tawfik
Fatma,Sayed,Fatma Sayed
Yasmin,Sayed,Yasmin Sayed
Nour,Mahmoud,Nour Mahmoud
Nada,Abdallah,Nada Abdallah
Wael,Fathy,Wael Fathy
Farah,Sayed,Farah Sayed
Wael,Tawfik,Wael Tawfik
Shimaa,Saad,Shimaa Saad
Sherif,Khaled,Sherif Khaled
Nour,Fathy,Nour Fathy
Wael,Saad,Wael Saad
Ziad,Youssef,Ziad Youssef
Mohamed,Abdelrahman,Mohamed Abdelrahman
Youssef,Ahmed,Youssef Ahmed
Rana,Zaki,Rana Zaki
Wael,Omar,Wael Omar
Doaa,Sayed,Doaa Sayed
Youssef,Reda,Youssef Reda
Samir,Reda,Samir Reda
Heba,Abdelrahman,Heba Abdelrahman
Mahmoud,Tawfik,Mahmoud Tawfik
Omar,Omar,Omar Omar
Mohamed,Ahmed,Mohamed Ahmed
Mahmoud,Khaled,Mahmoud Khaled
Samir,Ali,Samir Ali
Hassan,Saad,Hassan Saad
Fatma,Youssef,Fatma Youssef
Mahmoud,Youssef,Mahmoud Youssef
Doaa,Youssef,Doaa Youssef
Ahmed,Abdallah,Ahmed Abdallah
Mariam,Ahmed,Mariam Ahmed
Dina,Mostafa,Dina Mostafa
Nour,Saad,Nour Saad
Shimaa,Youssef,Shimaa Youssef
Sara,Gaber,Sara Gaber
Rania,Youssef,Rania Youssef
Samir,Reda,Samir Reda
Ibrahim,Gaber,Ibrahim Gaber
Habiba,Sayed,Habiba Sayed
Ziad,Abdelrahman,Ziad Abdelrahman
Farah,Saad,Farah Saad
Mostafa,Ahmed,Mostafa Ahmed
Sherif,Nassar,Sherif Nassar
Tamer,Hassan,Tamer Hassan
Samir,Selim,Samir Selim
Shimaa,Omar,Shimaa Omar
Yasmin,Youssef,Yasmin Youssef
Fatma,Hassan,Fatma Hassan
Ahmed,Abdallah,Ahmed Abdallah
Rana,Hassan,Rana Hassan
Samir,Gaber,Samir Gaber
Salma,Abdelrahman,Salma Abdelrahman
Fatma,Abdelrahman,Fatma Abdelrahman
Nada,Tawfik,Nada Tawfik
Fatma,Youssef,Fatma Youssef
Fady,Tawfik,Fady Tawfik
Ibrahim,Abdelrahman,Ibrahim Abdelrahman
Tamer,Mahmoud,Tamer Mahmoud
Mostafa,Ibrahim,Mostafa Ibrahim
Habiba,Ali,Habiba Ali
Ahmed,Hassan,Ahmed Hassan
Tariq,Abdallah,Tariq Abdallah
Sherif,Gaber,Sherif Gaber
Sara,Nassar,Sara Nassar
Youssef,Khaled,Youssef Khaled
Hassan,Omar,Hassan Omar
Reem,Nassar,Reem Nassar
Wael,Youssef,Wael Youssef
Yasmin,Abdallah,Yasmin Abdallah
Shimaa,Abdallah,Shimaa Abdallah
Nour,Selim,Nour Selim
Aya,Youssef,Aya Youssef
Samir,Saad,Samir Saad
Yasmin,Ahmed,Yasmin Ahmed
Ayman,Nassar,Ayman Nassar
Amr,Mahmoud,Amr Mahmoud
Rania,Ibrahim,Rania Ibrahim
Fady,Ali,Fady Ali
